immigration	hillaryclinton	1	immigration
immigration	hillaryclinton	2	immigrants
immigration	hillaryclinton	3	undocumented
immigration	hillaryclinton	4	deporting
immigration	hillaryclinton	5	illegals
immigration	hillaryclinton	6	mexicans
immigration	hillaryclinton	7	rapists
immigration	hillaryclinton	8	murderers
immigration	hillaryclinton	9	criminals
immigration	hillaryclinton	10	dealers
immigration	hillaryclinton	11	cartels
immigration	hillaryclinton	12	dealer
immigration	hillaryclinton	13	manufactures
immigration	hillaryclinton	14	explosives
immigration	hillaryclinton	15	handgun
immigration	hillaryclinton	16	firearm
immigration	hillaryclinton	17	firearms
immigration	hillaryclinton	18	handguns
immigration	hillaryclinton	19	rifles
immigration	hillaryclinton	20	rifle
immigration	hillaryclinton	21	shotguns
immigration	hillaryclinton	22	pistols
immigration	hillaryclinton	23	pistol
immigration	hillaryclinton	24	semiautomatic
immigration	hillaryclinton	25	ar15
immigration	hillaryclinton	26	marketed
immigration	hillaryclinton	27	possessing
immigration	hillaryclinton	28	negligently
immigration	hillaryclinton	29	entrustment
immigration	hillaryclinton	30	negligent
immigration	hillaryclinton	31	manufacturer
immigration	hillaryclinton	32	liable
immigration	hillaryclinton	33	manufacturers
immigration	hillaryclinton	34	makers
immigration	hillaryclinton	35	frivolous
immigration	hillaryclinton	36	lawsuits
immigration	hillaryclinton	37	litigation
immigration	hillaryclinton	38	tort
immigration	hillaryclinton	39	statute
immigration	hillaryclinton	40	statutes
immigration	hillaryclinton	41	limitations
immigration	hillaryclinton	42	penalties
immigration	hillaryclinton	43	prosecution
immigration	hillaryclinton	44	unlawful
immigration	hillaryclinton	45	misuse
immigration	hillaryclinton	46	unauthorized
immigration	hillaryclinton	47	mishandling
immigration	hillaryclinton	48	knowingly
immigration	hillaryclinton	49	criminally
immigration	hillaryclinton	50	misdemeanor
immigration	hillaryclinton	51	felony
immigration	hillaryclinton	52	statutory
immigration	hillaryclinton	53	negligence
immigration	hillaryclinton	54	plaintiffs
immigration	hillaryclinton	55	plaintiff
immigration	hillaryclinton	56	defendant
immigration	hillaryclinton	57	jury
immigration	hillaryclinton	58	defendants
immigration	hillaryclinton	59	prosecutors
immigration	hillaryclinton	60	prosecutor
immigration	hillaryclinton	61	charges
immigration	hillaryclinton	62	trial
immigration	hillaryclinton	63	lawsuit
immigration	hillaryclinton	64	proceedings
immigration	hillaryclinton	65	injunction
immigration	hillaryclinton	66	appellate
immigration	hillaryclinton	67	kangaroo
immigration	hillaryclinton	68	martialed
immigration	hillaryclinton	69	supreme
immigration	hillaryclinton	70	rulings
immigration	hillaryclinton	71	ruling
immigration	hillaryclinton	72	ruled
immigration	hillaryclinton	73	upheld
immigration	hillaryclinton	74	courts
immigration	hillaryclinton	75	unconstitutional
immigration	hillaryclinton	76	uphold
immigration	hillaryclinton	77	enforce
immigration	hillaryclinton	78	violate
immigration	hillaryclinton	79	enforced
immigration	hillaryclinton	80	enforcing
immigration	hillaryclinton	81	strict
immigration	hillaryclinton	82	patent
immigration	hillaryclinton	83	copyright
immigration	hillaryclinton	84	infringement
immigration	hillaryclinton	85	restricting
immigration	hillaryclinton	86	prohibit
immigration	hillaryclinton	87	prohibited
immigration	hillaryclinton	88	prohibits
immigration	hillaryclinton	89	mandating
immigration	hillaryclinton	90	mandated
immigration	hillaryclinton	91	requiring
immigration	hillaryclinton	92	comply
immigration	hillaryclinton	93	compliance
immigration	hillaryclinton	94	administrative
immigration	hillaryclinton	95	regulatory
immigration	hillaryclinton	96	oversight
immigration	hillaryclinton	97	regulators
immigration	hillaryclinton	98	cfpb
immigration	hillaryclinton	99	epa
immigration	hillaryclinton	100	regulations
immigration	hillaryclinton	101	regulation
immigration	TheDonald	1	immigration
immigration	TheDonald	2	migration
immigration	TheDonald	3	emigration
immigration	TheDonald	4	importation
immigration	TheDonald	5	migrations
immigration	TheDonald	6	influx
immigration	TheDonald	7	influxes
immigration	TheDonald	8	inflow
immigration	TheDonald	9	swathes
immigration	TheDonald	10	swaths
immigration	TheDonald	11	swathe
immigration	TheDonald	12	swath
immigration	TheDonald	13	tracts
immigration	TheDonald	14	hadron
immigration	TheDonald	15	collider
immigration	TheDonald	16	quantities
immigration	TheDonald	17	portions
immigration	TheDonald	18	portion
immigration	TheDonald	19	chunk
immigration	TheDonald	20	chunks
immigration	TheDonald	21	amounts
immigration	TheDonald	22	amount
immigration	TheDonald	23	ammount
immigration	TheDonald	24	percentage
immigration	TheDonald	25	number
immigration	TheDonald	26	numbers
immigration	TheDonald	27	percentages
immigration	TheDonald	28	sampling
immigration	TheDonald	29	weighting
immigration	TheDonald	30	weighted
immigration	TheDonald	31	oversampling
immigration	TheDonald	32	oversample
immigration	TheDonald	33	oversampled
immigration	TheDonald	34	sampled
immigration	TheDonald	35	undersampled
immigration	TheDonald	36	undersampling
immigration	TheDonald	37	undersample
immigration	TheDonald	38	indies
immigration	TheDonald	39	independents
immigration	TheDonald	40	independants
immigration	TheDonald	41	indys
immigration	TheDonald	42	ind
immigration	TheDonald	43	repub
immigration	TheDonald	44	dem
immigration	TheDonald	45	democrat
immigration	TheDonald	46	republican
immigration	TheDonald	47	gop
immigration	TheDonald	48	republicans
immigration	TheDonald	49	democrats
immigration	TheDonald	50	dems
immigration	TheDonald	51	repubs
immigration	TheDonald	52	reps
immigration	TheDonald	53	rs
immigration	TheDonald	54	ds
immigration	TheDonald	55	demos
immigration	TheDonald	56	incumbents
immigration	TheDonald	57	incumbent
immigration	TheDonald	58	reelection
immigration	TheDonald	59	2020
immigration	TheDonald	60	2018
immigration	TheDonald	61	midterms
immigration	TheDonald	62	midterm
immigration	TheDonald	63	2019
immigration	TheDonald	64	2017
immigration	TheDonald	65	2021
immigration	TheDonald	66	2025
immigration	TheDonald	67	2022
immigration	TheDonald	68	2030
immigration	TheDonald	69	2050
immigration	TheDonald	70	hdi
immigration	TheDonald	71	gdp
immigration	TheDonald	72	gpd
immigration	TheDonald	73	exponential
immigration	TheDonald	74	decreasing
immigration	TheDonald	75	increasing
immigration	TheDonald	76	increased
immigration	TheDonald	77	decreased
immigration	TheDonald	78	decrease
immigration	TheDonald	79	increase
immigration	TheDonald	80	increases
immigration	TheDonald	81	decreases
immigration	TheDonald	82	reduces
immigration	TheDonald	83	reducing
immigration	TheDonald	84	reduction
immigration	TheDonald	85	reductions
immigration	TheDonald	86	hikes
immigration	TheDonald	87	hike
immigration	TheDonald	88	skyrocket
immigration	TheDonald	89	skyrocketing
immigration	TheDonald	90	skyrocketed
immigration	TheDonald	91	plummeted
immigration	TheDonald	92	plummet
immigration	TheDonald	93	plummeting
immigration	TheDonald	94	tanking
immigration	TheDonald	95	tanked
immigration	TheDonald	96	boosted
immigration	TheDonald	97	boosting
immigration	TheDonald	98	boosts
immigration	TheDonald	99	boost
immigration	TheDonald	100	bolster
immigration	TheDonald	101	inflate
terror	hillaryclinton	1	terror
terror	hillaryclinton	2	terrorist
terror	hillaryclinton	3	terrorists
terror	hillaryclinton	4	civilians
terror	hillaryclinton	5	innocents
terror	hillaryclinton	6	soldiers
terror	hillaryclinton	7	iraqi
terror	hillaryclinton	8	iranian
terror	hillaryclinton	9	libyan
terror	hillaryclinton	10	kurds
terror	hillaryclinton	11	kurdish
terror	hillaryclinton	12	rebels
terror	hillaryclinton	13	assad
terror	hillaryclinton	14	isil
terror	hillaryclinton	15	gaddafi
terror	hillaryclinton	16	qaddafi
terror	hillaryclinton	17	saddam
terror	hillaryclinton	18	hussein
terror	hillaryclinton	19	kuwait
terror	hillaryclinton	20	afghanistan
terror	hillaryclinton	21	kosovo
terror	hillaryclinton	22	serbia
terror	hillaryclinton	23	yemen
terror	hillaryclinton	24	honduras
terror	hillaryclinton	25	egypt
terror	hillaryclinton	26	gaza
terror	hillaryclinton	27	pakistan
terror	hillaryclinton	28	lebanon
terror	hillaryclinton	29	somalia
terror	hillaryclinton	30	yugoslavia
terror	hillaryclinton	31	rwanda
terror	hillaryclinton	32	libya
terror	hillaryclinton	33	syria
terror	hillaryclinton	34	invasion
terror	hillaryclinton	35	wmds
terror	hillaryclinton	36	wmd
terror	hillaryclinton	37	invaded
terror	hillaryclinton	38	invading
terror	hillaryclinton	39	invade
terror	hillaryclinton	40	intervene
terror	hillaryclinton	41	intervened
terror	TheDonald	1	terror
terror	TheDonald	2	terrorist
terror	TheDonald	3	terrorism
terror	TheDonald	4	terrorists
terror	TheDonald	5	jihadists
terror	TheDonald	6	jihadis
terror	TheDonald	7	militants
terror	TheDonald	8	jihadist
terror	TheDonald	9	islamist
terror	TheDonald	10	islamists
terror	TheDonald	11	islamics
terror	TheDonald	12	muslims
terror	TheDonald	13	islam
terror	TheDonald	14	islams
terror	TheDonald	15	islamism
terror	TheDonald	16	jihadism
terror	TheDonald	17	extremism
terror	TheDonald	18	radicalism
terror	TheDonald	19	fundamentalism
terror	TheDonald	20	fundamentalists
terror	TheDonald	21	fundamentalist
terror	TheDonald	22	extremist
terror	TheDonald	23	extremists
terror	TheDonald	24	radical
terror	TheDonald	25	militant
terror	TheDonald	26	extremest
terror	TheDonald	27	theocrats
terror	TheDonald	28	theocratic
terror	TheDonald	29	theocracy
terror	TheDonald	30	theocracies
terror	TheDonald	31	caliphates
terror	TheDonald	32	conquests
terror	TheDonald	33	conquest
terror	TheDonald	34	ottomans
terror	TheDonald	35	mongols
terror	TheDonald	36	persia
terror	TheDonald	37	byzantium
terror	TheDonald	38	anatolia
terror	TheDonald	39	byzantines
terror	TheDonald	40	constantinople
terror	TheDonald	41	ottoman
terror	TheDonald	42	byzantine
terror	TheDonald	43	roman
terror	TheDonald	44	rome
terror	TheDonald	45	romans
terror	TheDonald	46	greeks
terror	TheDonald	47	gauls
terror	TheDonald	48	celts
terror	TheDonald	49	germanics
terror	TheDonald	50	germanic
terror	TheDonald	51	celtic
terror	TheDonald	52	slavic
terror	TheDonald	53	turkic
terror	TheDonald	54	iberian
terror	TheDonald	55	moors
terror	TheDonald	56	moorish
terror	TheDonald	57	mongol
terror	TheDonald	58	huns
terror	TheDonald	59	conquered
terror	TheDonald	60	conquering
terror	TheDonald	61	colonized
terror	TheDonald	62	colonization
terror	TheDonald	63	colonizing
terror	TheDonald	64	colonize
terror	TheDonald	65	colonise
terror	TheDonald	66	reconquer
terror	TheDonald	67	retake
terror	TheDonald	68	reclaim
terror	TheDonald	69	liberate
terror	TheDonald	70	retaking
terror	TheDonald	71	reclaiming
terror	TheDonald	72	annexing
terror	TheDonald	73	annexed
terror	TheDonald	74	annex
terror	TheDonald	75	annexes
terror	TheDonald	76	invades
terror	TheDonald	77	invade
terror	TheDonald	78	invading
terror	TheDonald	79	invaded
terror	TheDonald	80	invasion
terror	TheDonald	81	invasions
terror	TheDonald	82	incursions
terror	TheDonald	83	incursion
terror	TheDonald	84	expansionism
terror	TheDonald	85	occupation
terror	TheDonald	86	armies
terror	TheDonald	87	militaries
terror	TheDonald	88	nations
terror	TheDonald	89	countries
terror	TheDonald	90	europe
terror	TheDonald	91	germany
terror	TheDonald	92	france
terror	TheDonald	93	italy
terror	TheDonald	94	spain
terror	TheDonald	95	greece
terror	TheDonald	96	bulgaria
terror	TheDonald	97	macedonia
terror	TheDonald	98	cyprus
terror	TheDonald	99	croatia
terror	TheDonald	100	montenegro
terror	TheDonald	101	lithuania
energy	hillaryclinton	1	energy
energy	hillaryclinton	2	energies
energy	hillaryclinton	3	renewables
energy	hillaryclinton	4	renewable
energy	hillaryclinton	5	cleaner
energy	hillaryclinton	6	sustainable
energy	hillaryclinton	7	efficient
energy	hillaryclinton	8	efficiency
energy	hillaryclinton	9	emissions
energy	hillaryclinton	10	co2
energy	hillaryclinton	11	greenhouse
energy	hillaryclinton	12	pollution
energy	hillaryclinton	13	emission
energy	hillaryclinton	14	pricing
energy	hillaryclinton	15	liquidity
energy	hillaryclinton	16	securities
energy	hillaryclinton	17	derivatives
energy	hillaryclinton	18	lenders
energy	hillaryclinton	19	mortgage
energy	hillaryclinton	20	mortgages
energy	hillaryclinton	21	homeowners
energy	hillaryclinton	22	subprime
energy	hillaryclinton	23	lending
energy	hillaryclinton	24	underwriting
energy	hillaryclinton	25	payday
energy	hillaryclinton	26	predatory
energy	hillaryclinton	27	pharmaceutical
energy	hillaryclinton	28	tobacco
energy	hillaryclinton	29	dairy
energy	hillaryclinton	30	livestock
energy	hillaryclinton	31	gm
energy	hillaryclinton	32	aig
energy	hillaryclinton	33	stearns
energy	hillaryclinton	34	boa
energy	hillaryclinton	35	mae
energy	hillaryclinton	36	freddie
energy	hillaryclinton	37	fannie
energy	hillaryclinton	38	countrywide
energy	hillaryclinton	39	citigroup
energy	hillaryclinton	40	jp
energy	hillaryclinton	41	morgan
energy	hillaryclinton	42	stanley
energy	hillaryclinton	43	freeman
energy	hillaryclinton	44	narrated
energy	hillaryclinton	45	abdul
energy	hillaryclinton	46	jabbar
energy	hillaryclinton	47	kareem
energy	hillaryclinton	48	chloe
energy	hillaryclinton	49	moretz
energy	hillaryclinton	50	curtis
energy	hillaryclinton	51	jamie
energy	hillaryclinton	52	rangel
energy	hillaryclinton	53	carol
energy	hillaryclinton	54	braun
energy	hillaryclinton	55	shelley
energy	hillaryclinton	56	capito
energy	hillaryclinton	57	mandy
energy	hillaryclinton	58	julianne
energy	hillaryclinton	59	gwen
energy	hillaryclinton	60	michael
energy	hillaryclinton	61	adam
energy	hillaryclinton	62	tyler
energy	hillaryclinton	63	william
energy	hillaryclinton	64	harrison
energy	hillaryclinton	65	benjamin
energy	hillaryclinton	66	daniel
energy	hillaryclinton	67	holmes
energy	hillaryclinton	68	harold
energy	hillaryclinton	69	downey
energy	hillaryclinton	70	tony
energy	hillaryclinton	71	christopher
energy	hillaryclinton	72	jennings
energy	hillaryclinton	73	bryan
energy	hillaryclinton	74	cranston
energy	hillaryclinton	75	spacey
energy	hillaryclinton	76	kevin
energy	hillaryclinton	77	thompson
energy	hillaryclinton	78	melissa
energy	hillaryclinton	79	jonathan
energy	hillaryclinton	80	naomi
energy	hillaryclinton	81	kristen
energy	hillaryclinton	82	welker
energy	hillaryclinton	83	idina
energy	hillaryclinton	84	jaime
energy	hillaryclinton	85	stacey
energy	hillaryclinton	86	daaaaamn
energy	hillaryclinton	87	preemie
energy	hillaryclinton	88	scottadamssays
energy	hillaryclinton	89	arimelber
energy	hillaryclinton	90	jmartnyt
energy	hillaryclinton	91	nycsouthpaw
energy	hillaryclinton	92	khanoisseur
energy	hillaryclinton	93	pourmecoffee
energy	hillaryclinton	94	jessefferguson
energy	hillaryclinton	95	oliverdarcy
energy	hillaryclinton	96	owillis
energy	hillaryclinton	97	wilw
energy	hillaryclinton	98	cahnemily
energy	hillaryclinton	99	williamjordann
energy	hillaryclinton	100	clmazin
energy	hillaryclinton	101	ddale8
energy	TheDonald	1	energy
energy	TheDonald	2	enegry
energy	TheDonald	3	enery
energy	TheDonald	4	engery
energy	TheDonald	5	evergy
energy	TheDonald	6	energey
energy	TheDonald	7	fived
energy	TheDonald	8	fiving
energy	TheDonald	9	enegy
energy	TheDonald	10	energyyyyy
energy	TheDonald	11	kite
energy	TheDonald	12	fives
energy	TheDonald	13	cheekbones
energy	TheDonald	14	cheekbone
energy	TheDonald	15	ener
energy	TheDonald	16	octane
energy	TheDonald	17	voltage
energy	TheDonald	18	velocities
energy	TheDonald	19	fructose
energy	TheDonald	20	carb
energy	TheDonald	21	cholesterol
energy	TheDonald	22	sugars
energy	TheDonald	23	protein
energy	TheDonald	24	carbs
energy	TheDonald	25	diets
energy	TheDonald	26	carbohydrates
energy	TheDonald	27	calorie
energy	TheDonald	28	caloric
energy	TheDonald	29	intake
energy	TheDonald	30	sodium
energy	TheDonald	31	glucose
energy	TheDonald	32	insulin
energy	TheDonald	33	metabolism
energy	TheDonald	34	enzymes
energy	TheDonald	35	acids
energy	TheDonald	36	amino
energy	TheDonald	37	b12
energy	TheDonald	38	potassium
energy	TheDonald	39	iodine
energy	TheDonald	40	vitamins
energy	TheDonald	41	supplements
energy	TheDonald	42	vitamin
energy	TheDonald	43	herbal
energy	TheDonald	44	codeine
energy	TheDonald	45	caffeine
energy	TheDonald	46	benzos
energy	TheDonald	47	stimulants
energy	TheDonald	48	amphetamines
energy	TheDonald	49	adderall
energy	TheDonald	50	xanax
energy	TheDonald	51	painkillers
energy	TheDonald	52	opiates
energy	TheDonald	53	opioids
energy	TheDonald	54	opioid
energy	TheDonald	55	opiate
energy	TheDonald	56	opiod
energy	TheDonald	57	overdoses
energy	TheDonald	58	fentanyl
energy	TheDonald	59	heroin
energy	TheDonald	60	heroine
energy	TheDonald	61	meth
energy	TheDonald	62	cocaine
energy	TheDonald	63	narcotics
energy	TheDonald	64	drugs
energy	TheDonald	65	drug
energy	TheDonald	66	narcotic
energy	TheDonald	67	substances
energy	TheDonald	68	medicinal
energy	TheDonald	69	decriminalizing
energy	TheDonald	70	decriminalized
energy	TheDonald	71	decriminalize
energy	TheDonald	72	decriminalization
energy	TheDonald	73	legalizing
energy	TheDonald	74	legalization
energy	TheDonald	75	legalisation
energy	TheDonald	76	legalize
energy	TheDonald	77	legalized
energy	TheDonald	78	legalizes
energy	TheDonald	79	legalise
energy	TheDonald	80	descheduling
energy	TheDonald	81	deschedule
energy	TheDonald	82	rescheduling
energy	TheDonald	83	reschedule
energy	TheDonald	84	criminalization
energy	TheDonald	85	recreational
energy	TheDonald	86	marijuana
energy	TheDonald	87	cannabis
energy	TheDonald	88	mmj
energy	TheDonald	89	marihuana
energy	TheDonald	90	mj
energy	TheDonald	91	marijauna
energy	TheDonald	92	decrim
energy	TheDonald	93	marijuanna
energy	TheDonald	94	decriminalised
energy	TheDonald	95	legalising
energy	TheDonald	96	legalised
energy	TheDonald	97	recreationally
energy	TheDonald	98	smokers
energy	TheDonald	99	smoker
energy	TheDonald	100	smoked
racial	hillaryclinton	1	racial
racial	hillaryclinton	2	systemic
racial	hillaryclinton	3	systematic
racial	hillaryclinton	4	institutional
racial	hillaryclinton	5	institutionalized
racial	hillaryclinton	6	homophobia
racial	hillaryclinton	7	xenophobia
racial	hillaryclinton	8	bigotry
racial	hillaryclinton	9	racism
racial	hillaryclinton	10	misogyny
racial	hillaryclinton	11	sexism
racial	hillaryclinton	12	internalized
racial	hillaryclinton	13	latent
racial	hillaryclinton	14	overt
racial	hillaryclinton	15	prejudice
racial	hillaryclinton	16	subconscious
racial	hillaryclinton	17	unconscious
racial	hillaryclinton	18	implicit
racial	hillaryclinton	19	inherent
racial	hillaryclinton	20	societal
racial	hillaryclinton	21	structural
racial	hillaryclinton	22	underlying
racial	hillaryclinton	23	fundamental
racial	hillaryclinton	24	complexity
racial	hillaryclinton	25	complexities
racial	hillaryclinton	26	nuances
racial	hillaryclinton	27	nuance
racial	hillaryclinton	28	nuanced
racial	hillaryclinton	29	depth
racial	hillaryclinton	30	detailed
racial	hillaryclinton	31	thorough
racial	hillaryclinton	32	substantive
racial	hillaryclinton	33	specifics
racial	hillaryclinton	34	details
racial	hillaryclinton	35	detail
racial	hillaryclinton	36	explanations
racial	hillaryclinton	37	answers
racial	hillaryclinton	38	answer
racial	hillaryclinton	39	answering
racial	hillaryclinton	40	begs
racial	hillaryclinton	41	posed
racial	hillaryclinton	42	rhetorical
racial	hillaryclinton	43	loaded
racial	hillaryclinton	44	dodging
racial	hillaryclinton	45	dodges
racial	hillaryclinton	46	softball
racial	hillaryclinton	47	dodge
racial	hillaryclinton	48	dodged
racial	hillaryclinton	49	evades
racial	hillaryclinton	50	gotcha
racial	hillaryclinton	51	followup
racial	hillaryclinton	52	incisive
racial	hillaryclinton	53	rephrased
racial	hillaryclinton	54	hehehehehe
racial	hillaryclinton	55	preemie
racial	hillaryclinton	56	arimelber
racial	hillaryclinton	57	scottadamssays
racial	hillaryclinton	58	jessefferguson
racial	hillaryclinton	59	pourmecoffee
racial	hillaryclinton	60	wilw
racial	hillaryclinton	61	owillis
racial	hillaryclinton	62	oliverdarcy
racial	hillaryclinton	63	cahnemily
racial	hillaryclinton	64	nycsouthpaw
racial	hillaryclinton	65	williamjordann
racial	hillaryclinton	66	khanoisseur
racial	hillaryclinton	67	jmartnyt
racial	hillaryclinton	68	reidepstein
racial	hillaryclinton	69	zeynep
racial	hillaryclinton	70	olivianuzzi
racial	hillaryclinton	71	wpjenna
racial	hillaryclinton	72	alankestrel750
racial	hillaryclinton	73	bencjacobs
racial	hillaryclinton	74	ddale8
racial	hillaryclinton	75	tvietor08
racial	hillaryclinton	76	gideonresnick
racial	hillaryclinton	77	albamonica
racial	hillaryclinton	78	rubycramer
racial	hillaryclinton	79	yair\_rosenberg
racial	hillaryclinton	80	abcliz
racial	hillaryclinton	81	clmazin
racial	hillaryclinton	82	speechboy71
racial	hillaryclinton	83	katherinemiller
racial	hillaryclinton	84	pattonoswalt
racial	hillaryclinton	85	chrisdocnee
racial	hillaryclinton	86	shanegoldmacher
racial	hillaryclinton	87	fawfulfan
racial	hillaryclinton	88	ericboehlert
racial	hillaryclinton	89	lisabloom
racial	hillaryclinton	90	rob\_flaherty
racial	hillaryclinton	91	scottwalker
racial	hillaryclinton	92	peteralexander
racial	hillaryclinton	93	aedwardslevy
racial	TheDonald	1	racial
racial	TheDonald	2	ethnic
racial	TheDonald	3	ethnicity
racial	TheDonald	4	nationality
racial	TheDonald	5	caucasian
racial	TheDonald	6	mestizo
racial	TheDonald	7	amerindian
racial	TheDonald	8	mestizos
racial	TheDonald	9	amerindians
racial	TheDonald	10	spaniards
racial	TheDonald	11	anglos
racial	TheDonald	12	slavs
racial	TheDonald	13	italians
racial	TheDonald	14	romanians
racial	TheDonald	15	hungarians
racial	TheDonald	16	czechs
racial	TheDonald	17	slovaks
racial	TheDonald	18	bulgarians
racial	TheDonald	19	tatars
racial	TheDonald	20	chechens
racial	TheDonald	21	bosnians
racial	TheDonald	22	bosniaks
racial	TheDonald	23	albanians
racial	TheDonald	24	serbs
racial	TheDonald	25	croats
racial	TheDonald	26	serbians
racial	TheDonald	27	assyrians
racial	TheDonald	28	armenians
racial	TheDonald	29	assyrian
racial	TheDonald	30	armenia
racial	TheDonald	31	anatolia
racial	TheDonald	32	byzantines
racial	TheDonald	33	ottomans
racial	TheDonald	34	ottoman
racial	TheDonald	35	byzantine
racial	TheDonald	36	byzantium
racial	TheDonald	37	constantinople
racial	TheDonald	38	persia
racial	TheDonald	39	mongols
racial	TheDonald	40	moors
racial	TheDonald	41	iberia
racial	TheDonald	42	sicily
racial	TheDonald	43	spain
racial	TheDonald	44	italy
racial	TheDonald	45	macedonia
racial	TheDonald	46	bulgaria
racial	TheDonald	47	lithuania
racial	TheDonald	48	estonia
racial	TheDonald	49	latvia
racial	TheDonald	50	baltics
racial	TheDonald	51	poland
racial	TheDonald	52	hungary
racial	TheDonald	53	slovakia
racial	TheDonald	54	slovenia
racial	TheDonald	55	croatia
racial	TheDonald	56	montenegro
racial	TheDonald	57	cyprus
racial	TheDonald	58	azerbaijan
racial	TheDonald	59	mali
racial	TheDonald	60	tunisia
racial	TheDonald	61	eritrea
racial	TheDonald	62	sudan
racial	TheDonald	63	nigeria
racial	TheDonald	64	niger
racial	TheDonald	65	cameroon
racial	TheDonald	66	burkina
racial	TheDonald	67	faso
racial	TheDonald	68	angola
racial	TheDonald	69	namibia
racial	TheDonald	70	senegal
racial	TheDonald	71	gambia
racial	TheDonald	72	ghana
racial	TheDonald	73	djibouti
racial	TheDonald	74	tajikistan
racial	TheDonald	75	bhutan
racial	TheDonald	76	kyrgyzstan
racial	TheDonald	77	seychelles
racial	TheDonald	78	zaire
racial	TheDonald	79	suriname
racial	TheDonald	80	1660
racial	TheDonald	81	9030
racial	TheDonald	82	7550
racial	TheDonald	83	3710
racial	TheDonald	84	3730
racial	TheDonald	85	9070
racial	TheDonald	86	8540
racial	TheDonald	87	9930
racial	TheDonald	88	9260
racial	TheDonald	89	ififffffffififiififiifififiifiififififiifififiififififififi
racial	TheDonald	90	9120
racial	TheDonald	91	isisisis
racial	TheDonald	92	dokieokie
racial	TheDonald	93	cuckpedo
racial	TheDonald	94	brockdavid
racial	TheDonald	95	minesalt
racial	TheDonald	96	clewandowski
racial	TheDonald	97	kenyakenya
racial	TheDonald	98	combettapaul
racial	TheDonald	99	ladyfirst
economy	hillaryclinton	1	economy
economy	hillaryclinton	2	economies
economy	hillaryclinton	3	tariffs
economy	hillaryclinton	4	exports
economy	hillaryclinton	5	imports
economy	hillaryclinton	6	tariff
economy	hillaryclinton	7	goods
economy	hillaryclinton	8	export
economy	hillaryclinton	9	import
economy	hillaryclinton	10	bonds
economy	hillaryclinton	11	consumers
economy	hillaryclinton	12	products
economy	hillaryclinton	13	investors
economy	hillaryclinton	14	assets
economy	hillaryclinton	15	investments
economy	hillaryclinton	16	investment
economy	hillaryclinton	17	transactions
economy	hillaryclinton	18	securities
economy	hillaryclinton	19	lenders
economy	hillaryclinton	20	mortgage
economy	hillaryclinton	21	mortgages
economy	hillaryclinton	22	homeowners
economy	hillaryclinton	23	subprime
economy	hillaryclinton	24	derivatives
economy	hillaryclinton	25	bailouts
economy	hillaryclinton	26	liquidity
economy	hillaryclinton	27	underwriting
economy	hillaryclinton	28	lending
economy	hillaryclinton	29	predatory
economy	hillaryclinton	30	pharmaceutical
economy	hillaryclinton	31	tobacco
economy	hillaryclinton	32	dairy
economy	hillaryclinton	33	livestock
economy	hillaryclinton	34	aig
economy	hillaryclinton	35	stearns
economy	hillaryclinton	36	boa
economy	hillaryclinton	37	mae
economy	hillaryclinton	38	freddie
economy	hillaryclinton	39	fannie
economy	hillaryclinton	40	countrywide
economy	hillaryclinton	41	citigroup
economy	hillaryclinton	42	jp
economy	hillaryclinton	43	morgan
economy	hillaryclinton	44	stanley
economy	hillaryclinton	45	freeman
economy	hillaryclinton	46	narrated
economy	hillaryclinton	47	abdul
economy	hillaryclinton	48	jabbar
economy	hillaryclinton	49	kareem
economy	hillaryclinton	50	chloe
economy	hillaryclinton	51	moretz
economy	hillaryclinton	52	curtis
economy	hillaryclinton	53	jamie
economy	hillaryclinton	54	rangel
economy	hillaryclinton	55	carol
economy	hillaryclinton	56	braun
economy	hillaryclinton	57	shelley
economy	hillaryclinton	58	capito
economy	hillaryclinton	59	mandy
economy	hillaryclinton	60	julianne
economy	hillaryclinton	61	gwen
economy	hillaryclinton	62	michael
economy	hillaryclinton	63	adam
economy	hillaryclinton	64	tyler
economy	hillaryclinton	65	william
economy	hillaryclinton	66	harrison
economy	hillaryclinton	67	benjamin
economy	hillaryclinton	68	daniel
economy	hillaryclinton	69	holmes
economy	hillaryclinton	70	harold
economy	hillaryclinton	71	downey
economy	hillaryclinton	72	tony
economy	hillaryclinton	73	christopher
economy	hillaryclinton	74	jennings
economy	hillaryclinton	75	bryan
economy	hillaryclinton	76	cranston
economy	hillaryclinton	77	spacey
economy	hillaryclinton	78	kevin
economy	hillaryclinton	79	thompson
economy	hillaryclinton	80	melissa
economy	hillaryclinton	81	jonathan
economy	hillaryclinton	82	naomi
economy	hillaryclinton	83	kristen
economy	hillaryclinton	84	welker
economy	hillaryclinton	85	idina
economy	hillaryclinton	86	jaime
economy	hillaryclinton	87	stacey
economy	hillaryclinton	88	daaaaamn
economy	hillaryclinton	89	preemie
economy	hillaryclinton	90	scottadamssays
economy	hillaryclinton	91	arimelber
economy	hillaryclinton	92	jmartnyt
economy	hillaryclinton	93	nycsouthpaw
economy	hillaryclinton	94	khanoisseur
economy	hillaryclinton	95	pourmecoffee
economy	hillaryclinton	96	jessefferguson
economy	hillaryclinton	97	oliverdarcy
economy	hillaryclinton	98	owillis
economy	hillaryclinton	99	wilw
economy	hillaryclinton	100	cahnemily
economy	hillaryclinton	101	williamjordann
economy	TheDonald	1	economy
economy	TheDonald	2	economies
economy	TheDonald	3	markets
economy	TheDonald	4	market
economy	TheDonald	5	marketplace
economy	TheDonald	6	pricing
economy	TheDonald	7	consumers
economy	TheDonald	8	consumer
economy	TheDonald	9	products
economy	TheDonald	10	product
economy	TheDonald	11	goods
economy	TheDonald	12	suppliers
economy	TheDonald	13	retailers
economy	TheDonald	14	vendors
economy	TheDonald	15	vendor
economy	TheDonald	16	retailer
economy	TheDonald	17	stores
economy	TheDonald	18	store
economy	TheDonald	19	shops
economy	TheDonald	20	shop
economy	TheDonald	21	restaurants
economy	TheDonald	22	restaurant
economy	TheDonald	23	cafe
economy	TheDonald	24	deli
economy	TheDonald	25	supermarket
economy	TheDonald	26	supermarkets
economy	TheDonald	27	grocery
economy	TheDonald	28	groceries
economy	TheDonald	29	cashier
economy	TheDonald	30	mcdonalds
economy	TheDonald	31	mcdonald
economy	TheDonald	32	mcd
economy	TheDonald	33	costco
economy	TheDonald	34	walmart
economy	TheDonald	35	publix
economy	TheDonald	36	aldi
economy	TheDonald	37	nordstrom
economy	TheDonald	38	thrift
economy	TheDonald	39	cvs
economy	TheDonald	40	walgreens
economy	TheDonald	41	coupons
economy	TheDonald	42	coupon
economy	TheDonald	43	packets
economy	TheDonald	44	packages
economy	TheDonald	45	deliveries
economy	TheDonald	46	containers
economy	TheDonald	47	container
economy	TheDonald	48	crates
economy	TheDonald	49	crate
economy	TheDonald	50	pallet
economy	TheDonald	51	pallets
economy	TheDonald	52	briefcase
economy	TheDonald	53	suitcase
economy	TheDonald	54	backpack
economy	TheDonald	55	backpacks
economy	TheDonald	56	purses
economy	TheDonald	57	leather
economy	TheDonald	58	jackets
economy	TheDonald	59	sweatpants
economy	TheDonald	60	flannel
economy	TheDonald	61	khakis
economy	TheDonald	62	denim
economy	TheDonald	63	slacks
economy	TheDonald	64	khaki
economy	TheDonald	65	striped
economy	TheDonald	66	blazer
economy	TheDonald	67	suspenders
economy	TheDonald	68	sweatshirt
economy	TheDonald	69	hoodie
economy	TheDonald	70	tshirt
economy	TheDonald	71	bandana
economy	TheDonald	72	sombrero
economy	TheDonald	73	sombreros
economy	TheDonald	74	ponchos
economy	TheDonald	75	crocs
economy	TheDonald	76	speedos
economy	TheDonald	77	spandex
economy	TheDonald	78	housecoat
economy	TheDonald	79	mumu
economy	TheDonald	80	cargos
economy	TheDonald	81	muumuu
economy	TheDonald	82	burberry
economy	TheDonald	83	rutro
economy	TheDonald	84	claro
economy	TheDonald	85	3730
economy	TheDonald	86	ififffffffififiififiifififiifiififififiifififiififififififi
economy	TheDonald	87	isisisis
economy	TheDonald	88	dokieokie
economy	TheDonald	89	cuckpedo
economy	TheDonald	90	brockdavid
economy	TheDonald	91	minesalt
economy	TheDonald	92	clewandowski
economy	TheDonald	93	kenyakenya
economy	TheDonald	94	combettapaul
economy	TheDonald	95	ladyfirst
economy	TheDonald	96	raperape
economy	TheDonald	97	collaboratornazi
economy	TheDonald	98	legacyobama
technology	hillaryclinton	1	technology
technology	hillaryclinton	2	technologies
technology	hillaryclinton	3	reactors
technology	hillaryclinton	4	reactor
technology	hillaryclinton	5	plants
technology	hillaryclinton	6	renewables
technology	hillaryclinton	7	renewable
technology	hillaryclinton	8	geothermal
technology	hillaryclinton	9	grid
technology	hillaryclinton	10	extraction
technology	hillaryclinton	11	shale
technology	hillaryclinton	12	greenhouse
technology	hillaryclinton	13	emissions
technology	hillaryclinton	14	co2
technology	hillaryclinton	15	pollution
technology	hillaryclinton	16	emission
technology	hillaryclinton	17	methane
technology	hillaryclinton	18	gases
technology	hillaryclinton	19	dioxide
technology	hillaryclinton	20	footprint
technology	hillaryclinton	21	output
technology	hillaryclinton	22	efficiency
technology	hillaryclinton	23	liquidity
technology	hillaryclinton	24	pricing
technology	hillaryclinton	25	prices
technology	hillaryclinton	26	goods
technology	hillaryclinton	27	consumers
technology	hillaryclinton	28	products
technology	hillaryclinton	29	export
technology	hillaryclinton	30	import
technology	hillaryclinton	31	imports
technology	hillaryclinton	32	exports
technology	hillaryclinton	33	tariffs
technology	hillaryclinton	34	tariff
technology	hillaryclinton	35	bonds
technology	hillaryclinton	36	currency
technology	hillaryclinton	37	securities
technology	hillaryclinton	38	derivatives
technology	hillaryclinton	39	lenders
technology	hillaryclinton	40	mortgage
technology	hillaryclinton	41	mortgages
technology	hillaryclinton	42	homeowners
technology	hillaryclinton	43	subprime
technology	hillaryclinton	44	lending
technology	hillaryclinton	45	underwriting
technology	hillaryclinton	46	payday
technology	hillaryclinton	47	predatory
technology	hillaryclinton	48	pharmaceutical
technology	hillaryclinton	49	tobacco
technology	hillaryclinton	50	dairy
technology	hillaryclinton	51	livestock
technology	hillaryclinton	52	gm
technology	hillaryclinton	53	aig
technology	hillaryclinton	54	stearns
technology	hillaryclinton	55	boa
technology	hillaryclinton	56	mae
technology	hillaryclinton	57	freddie
technology	hillaryclinton	58	fannie
technology	hillaryclinton	59	countrywide
technology	hillaryclinton	60	citigroup
technology	hillaryclinton	61	jp
technology	hillaryclinton	62	morgan
technology	hillaryclinton	63	stanley
technology	hillaryclinton	64	freeman
technology	hillaryclinton	65	narrated
technology	hillaryclinton	66	abdul
technology	hillaryclinton	67	jabbar
technology	hillaryclinton	68	kareem
technology	hillaryclinton	69	chloe
technology	hillaryclinton	70	moretz
technology	hillaryclinton	71	curtis
technology	hillaryclinton	72	jamie
technology	hillaryclinton	73	rangel
technology	hillaryclinton	74	carol
technology	hillaryclinton	75	braun
technology	hillaryclinton	76	shelley
technology	hillaryclinton	77	capito
technology	hillaryclinton	78	mandy
technology	hillaryclinton	79	julianne
technology	hillaryclinton	80	gwen
technology	hillaryclinton	81	michael
technology	hillaryclinton	82	adam
technology	hillaryclinton	83	tyler
technology	hillaryclinton	84	william
technology	hillaryclinton	85	harrison
technology	hillaryclinton	86	benjamin
technology	hillaryclinton	87	daniel
technology	hillaryclinton	88	holmes
technology	hillaryclinton	89	harold
technology	hillaryclinton	90	downey
technology	hillaryclinton	91	tony
technology	hillaryclinton	92	christopher
technology	hillaryclinton	93	jennings
technology	hillaryclinton	94	bryan
technology	hillaryclinton	95	cranston
technology	hillaryclinton	96	spacey
technology	hillaryclinton	97	kevin
technology	hillaryclinton	98	thompson
technology	hillaryclinton	99	melissa
technology	hillaryclinton	100	jonathan
technology	hillaryclinton	101	naomi
technology	TheDonald	1	technology
technology	TheDonald	2	technologies
technology	TheDonald	3	innovations
technology	TheDonald	4	advancements
technology	TheDonald	5	breakthroughs
technology	TheDonald	6	discoveries
technology	TheDonald	7	inventions
technology	TheDonald	8	advances
technology	TheDonald	9	advancement
technology	TheDonald	10	technological
technology	TheDonald	11	innovation
technology	TheDonald	12	competitiveness
technology	TheDonald	13	sustainability
technology	TheDonald	14	sustainable
technology	TheDonald	15	renewables
technology	TheDonald	16	renewable
technology	TheDonald	17	thorium
technology	TheDonald	18	reactors
technology	TheDonald	19	reactor
technology	TheDonald	20	fission
technology	TheDonald	21	fusion
technology	TheDonald	22	lftr
technology	TheDonald	23	hydroelectric
technology	TheDonald	24	geothermal
technology	TheDonald	25	hydro
technology	TheDonald	26	solar
technology	TheDonald	27	turbines
technology	TheDonald	28	turbine
technology	TheDonald	29	diesel
technology	TheDonald	30	tractors
technology	TheDonald	31	v8
technology	TheDonald	32	f150
technology	TheDonald	33	4x4
technology	TheDonald	34	chevy
technology	TheDonald	35	toyota
technology	TheDonald	36	nissan
technology	TheDonald	37	bmw
technology	TheDonald	38	corvette
technology	TheDonald	39	ferrari
technology	TheDonald	40	lexus
technology	TheDonald	41	mercedes
technology	TheDonald	42	benz
technology	TheDonald	43	bmws
technology	TheDonald	44	subaru
technology	TheDonald	45	prius
technology	TheDonald	46	priuses
technology	TheDonald	47	subarus
technology	TheDonald	48	volvo
technology	TheDonald	49	chevrolet
technology	TheDonald	50	camry
technology	TheDonald	51	mustang
technology	TheDonald	52	honda
technology	TheDonald	53	gmc
technology	TheDonald	54	fords
technology	TheDonald	55	chrysler
technology	TheDonald	56	gm
technology	TheDonald	57	ford
technology	TheDonald	58	pinto
technology	TheDonald	59	clementine
technology	TheDonald	60	gerald
technology	TheDonald	61	harrison
technology	TheDonald	62	henry
technology	TheDonald	63	harold
technology	TheDonald	64	arthur
technology	TheDonald	65	frederick
technology	TheDonald	66	fredrick
technology	TheDonald	67	norman
technology	TheDonald	68	alexander
technology	TheDonald	69	leonard
technology	TheDonald	70	nimoy
technology	TheDonald	71	nolan
technology	TheDonald	72	curtis
technology	TheDonald	73	jennings
technology	TheDonald	74	griffin
technology	TheDonald	75	raymond
technology	TheDonald	76	dunn
technology	TheDonald	77	elliott
technology	TheDonald	78	katherine
technology	TheDonald	79	karen
technology	TheDonald	80	nicole
technology	TheDonald	81	stephanie
technology	TheDonald	82	kathryn
technology	TheDonald	83	hahn
technology	TheDonald	84	rudman
technology	TheDonald	85	caufield
technology	TheDonald	86	byers
technology	TheDonald	87	kleiner
technology	TheDonald	88	perkins
technology	TheDonald	89	coie
technology	TheDonald	90	llp
technology	TheDonald	91	dowd
technology	TheDonald	92	maureen
technology	TheDonald	93	schake
technology	TheDonald	94	kristina
technology	TheDonald	95	kamyl
technology	TheDonald	96	bazbaz
technology	TheDonald	97	lurie
technology	TheDonald	98	minassian
technology	TheDonald	99	cminassian
technology	TheDonald	100	tmccullough
technology	TheDonald	101	kdowd
